Beat Type,Count,Percentage
Normal,78,57.35294117647059
Ventricular Premature,50,36.76470588235294
Atrial Premature,5,3.6764705882352944
Fusion,3,2.2058823529411766
