Beat Type,Count,Percentage
Atrial Premature,135,99.26470588235294
Normal,1,0.7352941176470588
