event,response_time
page_visit,0.20086932182312012
page_visit,0.2015550136566162
page_visit,0.20126914978027344

page_visit,0.20050358772277832
visualization_page_visit,2025-11-22T22:35:02.648307
page_visit,0.2001807689666748
page_visit,0.2057952880859375
